order,id,path,ext,title,place,details,type,start_day,start_at,end_day,end_at,twitter,url
0,evt1,evt001,jpg,在りくま,食堂,在りし日の熊野寮を映像で振り返る。（過去の熊野寮祭の映像を見る）,0,1127,1:00,1127,2:00,organicxorganic,
1,evt2,evt002,jpg,時計台コンパ,時計台前,時計台やクスノキ前で楽しいことをする。,0,1127,11:00,1127,14:00,,
2,evt3,evt003,jpg,弾圧警備員と遊ぼう♪,時計台前,元弾圧警備員を時計台コンパに呼んで交流します。,0,1127,11:00,1127,14:00,,
3,evt4,evt004,jpg,無限縁石,縁石,時計台コンパ終了後、寮に帰る際に縁石から落ちないように帰る。落ちたらスタート地点からやり直し。,0,1127,14:00,1127,16:00,,
4,evt5,evt005,jpg,チョーでっかい風船,ロビー,予算内で買える範囲の大きい風船にヘリウムガスを入れて食堂に置いときます。,0,1127,17:00,1127,18:00,,
5,evt6,evt006,jpg,寮祭企画を考える,食堂,集まって寮祭企画を考えるだけ。そのままゲリラで実行したり来年に繰り越したり。,0,1127,18:00,1127,19:00,,
6,evt7,evt007,jpg,農学部コンパ,食堂,1年の豊穣を願い、皆でお酒を飲む。,0,1127,19:00,1127,25:00,,
7,evt8,evt008,jpg,豊穣コンパ,食堂,1年間の豊穣とコロナ撲滅を祈り乾杯！！,0,1127,19:00,1127,25:00,,
8,evt9,evt009,jpg,鉄扉,硬鉄庵,B地下で革命的な話をしながら革命的な料理を食べる,0,1127,19:00,1127,26:00,,
9,evt11,evt011,jpg,第1回クマスマSP大会,食堂北部,switchソフト「大乱闘スマッシュブラザーズSP」を用いた、個人トーナメント戦。,0,1127,22:00,1127,26:00,,
10,evt10,evt010,jpg,エクストリーム帰寮,不明,人を車でどこかまで拉致して歩いて帰ってきてもらう。,0,1127,23:00,1127,24:00,,
11,evt12,evt012,jpg,目覚まし亭,食堂,早朝から重めの麺を出す。飲み物も提供する。,0,1128,3:00,1128,8:00,,
12,evt13,evt013,jpg,朝礼,食堂,[https://koucho-endless.com/]これを朝礼さながらに整列して聞く。誰かが貧血で倒れたら中止。,0,1128,5:00,1128,23:00,,
13,evt14,evt014,jpg,徒然草第52段,仁和寺～石清水八幡宮,朝に仁和寺の前に集合して(寮からバスで行く人はまとまって行ってもよいかも)、そこからひたすら徒歩(かち)で石清水八幡宮を目指します。もちろん、麓だけ見て石清水に参拝したという勘違いをした先達の教訓から、山を登って(参加者の疲れ具合を見てケーブルカーを使う可能性あり)上まで参拝します。山上で解散。,0,1128,9:00,1128,13:00,,
14,evt15,evt015,jpg,熊野寮コカ・コーラ同好会,食堂,コーラ好きの人が集まってコカ・コーラを飲む。コカ・コーラだけ用意します（主催者がオリジナル主義だからオリジナルだけ用意します。飲み物持参の場合ゼロはギリギリ許す、ペプシは許さない）。コップ持参推奨。,0,1128,10:00,1128,13:00,,
15,evt16,evt016,jpg,とりあえず映画,食堂北部,ひとりで映画を見るのがつらいという人、あつまれー！自分のみたい映画を持って(持ってこなくても良い)食堂北部に集まり、みんなでスクリーン使ってみます！映画はひとりで見たいという人もその場に来て勝手に好きなの見ててくれればいいです。,0,1128,10:00,1128,23:00,,
16,evt17,evt017,jpg,辞書を編む　改訂版,食堂,熊辞雲第二版を編纂する。,0,1128,13:00,1128,15:00,,
17,evt18,evt018,jpg,ピザ釜コンパ,中庭,その名の通り,0,1128,13:00,1128,18:00,,
18,evt19,evt019,jpg,酒なしコンパ,中庭,アルコール類は買わずにジュースだけを購入する(食べ物をガンガン提供する系ではない),0,1128,13:00,1128,18:00,,
19,evt20,evt020,jpg,利き水,中庭,寮の水道水、ミネラルウォーター、京都の地下水などを飲み比べる。,0,1128,13:00,1128,18:00,,
20,evt21,evt021,jpg,イナズマ補給所,中庭,有楽製菓のサービス「Myブラックサンダー」を利用して、寮祭オリジナルパッケージのブラックサンダーを作り、配布します。,0,1128,13:00,1128,18:00,inaduma_hokyujo,
21,evt22,evt022,jpg,植物サークル ”Humus”体験会（畑しごと編）,Humusの畑,Humusが普段行っていることを「畑しごと編」、「ガーデニング編」、「お料理編」に分けて体験してもらう。「畑しごと編」では土づくり、堆肥づくり、キャベツとレタスの定植、キクイモの収穫、ニンニクの水耕栽培の中から参加者に好きなのを選んで体験もらう。,0,1128,13:00,1128,18:00,,
22,evt23,evt023,jpg,刃牙コンパ,食堂,刃牙ります。何をするかは本人もわかってません。,0,1128,18:00,1128,20:00,,
23,evt24,evt024,jpg,入寮面接,食堂,入寮面接といいつつただの説明会であることで名高い入寮面接ですが、今回こそはガチの面接をやります。面接官は企画者(＋α？)で、面接希望者は５人くらいのグループをころころ入れ替える感じで集団面接、自己PRとかグループディスカッションとかしてもらいます。やる気があれば内定者の発表とかフィードバックとかもしたい。,0,1128,18:00,1128,20:00,,
24,evt25,evt025,jpg,Club KUMANOリターンズ,硬鉄庵,熊野寮B地下音楽室でClubミュージックをかけてナイトクラブイベントを開催します。留学生を中心に、寮外からも人を呼び、音楽に合わせてダンスを楽しみます。,0,1128,19:00,1128,25:00,,
25,evt26,evt026,jpg,利き酒2020,食堂,お酒を飲みます。例年とおりのやつを数人で協力してゆるりと開催しようと思ってます。,0,1128,19:00,1128,24:00,,
26,evt27,evt027,jpg,キャンパスオリエンテーリング,大学,大学キャンパス内にチェックポイントを設定しオリエンテーリング競技を行う。,0,1128,19:00,1128,24:00,,
27,evt28,evt028,jpg,虫コンパ,食堂,様々な虫を調理して食べる,0,1128,20:00,1128,24:00,,
28,evt29,evt029,jpg,究極の安酒　料理酒・みりん試飲会,食堂,企画名の通りです。,0,1128,20:00,1128,24:00,,
29,evt30,evt030,jpg,マイクラRTA,食堂北部,各自に動画で撮ってもらったものを流したり、会場でやってもらったりする。,0,1128,24:00,1128,27:00,,
30,evt31,evt031,jpg,みかん祭り,民青池,みかんを投げ合うことでパトスを解放する。,0,1129,10:00,1129,11:00,,
31,evt116,evt116,jpg,スマブラチームトーナメント・紅白戦,食堂北部,switchソフト「大乱闘スマッシュブラザーズSP」を用いて、ランダム3人1組のチームトーナメントを行う。また、参加者を2チームに分けた紅白戦を行う。,0,1129,10:00,1129,15:00,,
32,evt32,evt032,jpg,雀網戦,雀いるとこ,自作したむそう網や市販の網などを使ってスズメを捕まえる。塀等で囲われた住居敷地内では罠や網を使った狩猟免許なしでの鳥獣の捕獲が許可されていて(鳥獣保護法第11条より)、かつ寮祭期間は猟期に含まれるので法的な問題はない。捕まえたスズメは適当に調理して食べる。,0,1129,11:00,1129,14:00,,
33,evt33,evt033,jpg,植物サークル ”Humus”体験会（お料理編）,食堂,Humusが普段行っていることを「畑しごと編」、「ガーデニング編」、「お料理編-フランス人留学生が教えるクレープづくり」に分けて体験してもらう。「お料理編」は、フランス人留学生のLucがクレープのつくり方を教える。クレープの材料には熊野寮で取れたビワでLuc自らが作ったビワジャムも使う。＊Humusは野外での畑作業、花の手入れがメインのサークルではあるが畑で取れた野菜や果物を利用して料理や外部からアドバイザーを招いて料理教室も行っている。名前の通り植物に関係するなら何でもOKのサークルである。,0,1129,13:00,1129,18:00,,
34,evt35,evt035,jpg,ティーパーティー,中庭,皆でお菓子を作ってお茶会をする(調理過程も含めて企画です)。,0,1129,13:00,1129,18:00,,
35,evt36,evt036,jpg,ヒーリングアニメ上映会,食堂北部,ヒーリングアニメ（プリキュアもしくはたまゆら）をみんなで視聴し、やさしい気持ちになる。,0,1129,14:00,1129,16:00,,
36,evt37,evt037,jpg,BTS上映会,食堂北部,BTSのライブ映像などを見る。,0,1129,16:00,1129,18:00,,
37,evt38,evt038,jpg,京都駅大階段グリコ,京都駅大階段,熊野寮集合。京都駅までは徒歩でみんなで歩く。みんなで京都の階段で通りがかりの人とじゃんけんしてグリコする。,0,1129,18:00,1129,21:00,,
38,evt39,evt039,jpg,魔法界に行こう！,京都駅 9と3/4番線,魔法界に行けるまで9と3/4番線にショッピングカートでつっこみ続ける。（マグルにばれたらゲームオーバー）,0,1129,18:00,1129,21:00,,
39,evt41,evt041,jpg,麻将皇帝戦,食堂北部,,0,1129,21:00,1129,26:00,,
40,evt42,evt042,jpg,異能力麻雀バトル,食堂北部,局の始めに能力を渡す。それを使って麻雀を打つ。どこからでもチー、轟盲牌、ザ・ワールドなど,0,1129,21:00,1129,26:00,,
41,evt43,evt043,jpg,24時間耐久小出,小出,小出企画色々組み合わせて24時間行う。,0,1129,21:00,1130,21:00,,
42,evt431,evt431,jpg,小出ドーナツ,鴨川,小出の全身にドーナツを貼り付けて、鴨川のトンビの群れの中、全力で逃げてもらう。ドーナツはこの後スタッフがおいしく頂く。,0,1129,21:00,1130,21:00,,
43,evt432,evt432,jpg,人間コイデリア,小出がやりたいところ,24時間耐久小出終了後、そのとき小出が一番やりたいことをやる。ラーメン食うとか、カラオケ行くとか、そういう健全なのを企画者は期待してる。企画総括に自信を持って書けない内容はさすがにやらせない。,0,1129,21:00,1130,21:00,,
44,evt44,evt044,jpg,バーフバリ上映会,食堂北部,バーフバリという映画を前後編連続で上映する。マサラ上映会をする前にファンを増やすことを目的としているため、今回は静音上映とする。,0,1129,21:00,1129,27:00,,
45,evt45,evt045,jpg,マンガ肉,中庭,マンガ肉を作る,0,1129,21:00,1129,24:00,,
46,evt46,evt046,jpg,豚の丸焼き,中庭,豚の丸焼き,0,1129,21:00,1129,24:00,,
47,evt47,evt047,jpg,金田一春彦の事件簿,食堂,辞書でランダムに単語を選ぶ→紙粘土で作る。10~20人くらいが集まって同時に作るイメージ。完成したら展覧会みたいにして何の単語か当てるゲームとかしたい。,0,1129,21:00,1129,23:00,,
48,evt48,evt048,jpg,24時間耐久テラフォ,食堂の隅っこ,B12でリピート回数80回を超える大人気ボードゲーム ・テラフォーミングマーズを長時間でプレイします。人口を増やしたいので初心者大歓迎！,0,1129,25:00,1130,25:00,,
49,evt49,evt049,jpg,ダイナミック応援上映,食堂北部,稀代のクソアニメ、ダイナミックコードをみんなで応援しながらみようという企画です。,0,1130,10:00,1130,15:00,,
50,evt50,evt050,jpg,みんなの藍染め,中庭,参加者で天然素材の衣料品を持ち寄り、中庭で染物体験を行う。恒例の藍染に加えて、何年か前に好評だった茜染め、ターメリック染めも行う。,0,1130,10:00,1130,16:00,,
51,evt51,evt051,jpg,黒黒色無双写真クイズ,食堂,モノクロイラストの白を黒、黒を黒色無双にしたイラストをクイズにする。,0,1130,12:00,1130,14:00,,
52,evt52,evt052,jpg,得体の知れないなにかが,丸善,梶井基次郎『檸檬』を読んだ上で、丸善の本の上に檸檬を置きに行く,0,1130,13:00,1130,14:00,,
53,evt53,evt053,jpg,桑名七盤勝負,食堂,将棋・囲碁(9路盤)・連珠・チェス・リバーシ・どうぶつしょうぎ・バックギャモンを同時にプレイして勝敗を決める桑名七盤勝負という競技を行う。,0,1130,13:00,1130,18:00,,
54,evt54,evt054,jpg,ミッフィーを描く,食堂,ミッフィー６５周年デザインを熊野寮とか構内のあちこちに描く。私一人でもやる。,0,1130,14:00,1130,15:00,organicxorganic,
55,evt55,evt055,jpg,ミリしらNF,食堂,主にNFを体験した事が無い１回生だけで今年のNFの感想を話し合う,0,1130,15:00,1130,17:00,,
56,evt371,evt037,jpg,BTS上映会,食堂北部,BTSのライブ映像などを見る。,0,1130,16:00,1130,18:00,,
57,evt56,evt056,jpg,グルメスパイザー,食堂,PON!　CRUSH!　CRUSH!　PA!　PA!　PA!　グルメスパイザー！！ PON!　CRUSH!　CRUSH!　PA!　PA!　PA!　グルメスパイザー！！ PON!　CRUSH!　CRUSH!　PA!　PA!　PA!　ウマそォ～！！ 菓子粉砕機グルメスパイザーを寮の金で購入し、ふりかけを作って遊ぶ。グルメスパイザーが手に入らなかったらあたしンちグラグラゲームを購入して遊ぶ。,0,1130,17:00,1130,18:00,,
58,evt57,evt057,jpg,素人質問で恐縮ですが,食堂,食堂のテレビとかでパワポ発表をする。観客側は素人質問をする,0,1130,17:00,1130,19:00,,
59,evt58,evt058,jpg,n グラム量れ！,食堂,お米を正確に量れ！毎日寮食を食べている寮生なら余裕でできるはず！,0,1130,17:00,1130,22:00,,
60,evt59,evt059,jpg,SAO24時間耐久,食堂北部,24時間、SAO（ソードアートオンライン）を上映します。去年もやったので今年は去年できなかったアリシゼーション編から。,0,1130,18:00,1201,18:00,KU_okojyo,
61,evt60,evt060,jpg,熊野5番勝負,食堂北部,桑名七盤勝負(B4寺田)に倣って５つの競技（予定では麻雀、スピード、スマブラ、早押しクイズ、イラスト）を同時にプレイします。7番勝負よりも同時性が高いのでヤバくなります。,0,1130,18:00,1130,20:00,KU_okojyo,
62,evt61,evt061,jpg,プログラミング言語布教大会,食堂,各自が好きなプログラミング言語について熱く語り信者を増やす。自作の言語を作ってきたら最強。,0,1130,19:00,1130,22:00,,
63,evt62,evt062,jpg,ツイッター読書会,食堂,集まった人どうしで相手の過去ツイを読みあう。より破壊力があったほうが勝ち。,0,1130,19:00,1130,21:00,,
64,evt63,evt063,jpg,吉田山かくれんぼ,吉田山,吉田山で40人くらい集めてかくれんぼする。探す側と隠れる側に分かれて、全員見つかったら探す側に賞品付与、見つからなかったら見つからなかった人達に賞品付与。,0,1130,19:00,1130,23:00,,
65,evt64,evt064,jpg,白馬亭＠くまの,Bar Kuma,美味いウヰスキーとカクテルを飲む,0,1130,19:00,1130,24:00,naojroandy,
66,evt65,evt065,jpg,24時間を測れ,ボイラー室,ボイラー室に入って24時間を測る,0,1130,19:00,1201,19:00,,
67,evt66,evt066,jpg,リアルアンパンマン,食堂,「それいけ！アンパンマン」に出てくるパンを大量に買ってきてみんなで食べる。アンパンマンマーチとアニメをたれ流しながら、かつてのヒーローが今では食い物になり下がった様を噛みしめる。,0,1130,21:00,1130,24:00,,
68,evt67,evt067,jpg,桃鉄99年,福島ハワイアンズ,桃鉄99年をやる(公平を期すため、11月19日発売のswitch版) 入れ替わりあり。 毎日10年。 観客の順位予想あり。 暴力なし。 けんかなし。,0,1130,22:00,1202,13:00,,
69,evt68,evt068,jpg,利きキリン,?,利き酒？利きビール？利き水？そんなありふれたつまらないことはもうやめましょ！　じゃあ何かって…？　そりゃもちろん令和の時代は動物園で利きキリンっしょ！　動物園にキリンを見に行く。正解者にはキリンのぬいぐるみプレゼント。他にも様々なキリンを当てるゲームも有り。,0,1130,22:00,1201,24:00,,
70,evt69,evt069,jpg,中国語で筆談する会,食堂,大きな画用紙に、中国語で（中国語知らない人は知ってる漢字で）筆談をして、コミュニケーションできるかどうかを楽しむ会です。,0,1201,10:00,1201,12:00,,
71,evt70,evt070,jpg,ゆあーんゆよーんやや詩人,食堂,日本近代詩のなかからいくつか選び、詩のタイトルと作者のみの情報から、詩の内容を推測し、それを表現したイラストを描く。一番詩の内容に近い人を判定する。,0,1201,12:00,1201,14:00,,
72,evt71,evt071,jpg,焼き畑,中庭,中庭に溜まっている木材を煙が出過ぎないように少しづつ燃やします。,0,1201,12:00,1201,17:00,,
73,evt72,evt072,jpg,総書記,食堂,食堂(かどこか)で誰かが用意した台本通りに生演説をし、自分のPCを持ち寄った参加者が速記する。参加者からgoogleフォームで提出された速記録と台本との差分を企画者が比較して(多分difffを使う)、差分が少なかった人に「熊野寮自治会総書記」の称号を与える。,0,1201,14:00,1201,15:00,dkrqr,
74,evt73,evt073,jpg,寮食クイズ,食堂,寮食購入者に当日の寮食メニュー、食材、調味料をあててもらうという炊事部のクイズ企画。100点満点のクイズで寮食愛を競い合う企画。,0,1201,17:00,1201,23:00,,
75,evt74,evt074,jpg,喫煙所コンパ,喫煙所,各自好きな銘柄を持ち寄ってお互いに交換して喫煙する。酒とつまみも用意する。,0,1201,18:00,1201,26:00,,
76,evt75,evt075,jpg,限界しりとり大会,喫煙所,限界しりとりというアプリゲームをやります。,0,1201,18:00,1201,26:00,organicxorganic,
77,evt76,evt076,jpg,徹夜でバウムクーヘン焼き,中庭,バウムクーヘンを生地から焼く,0,1201,18:00,1201,26:00,,
78,evt77,evt077,jpg,まどマギ上映,食堂北部,食堂北部の大スクリーンで前編、後編、新編の3つのまどマギ映画を一挙放映します。,0,1201,18:00,1201,24:00,,
79,evt78,evt078,jpg,シュークリーム裁判,食堂,2020年7月20日22時頃、食堂においていたフレスコのシュークリームが何者かによって盗まれた。容疑者は二名。彼らは容疑を否認しているが、数々の証拠があがってきている。彼らを法廷で糾弾し、自己批判させよ！,0,1201,18:00,1201,20:00,,
80,evt79,evt079,jpg,ポリジュース薬を作ろう！,食堂,ポリジュース薬を作って憧れのあの人に大変身！,0,1201,20:00,1201,22:00,,
81,evt80,evt080,jpg,漫画最終回予想,食堂,漫画の表紙をみて、最終回を予想する。名作が生まれること間違いなし。,0,1201,21:00,1201,24:00,organicxorganic,
82,evt81,evt081,jpg,「ゼロの使い魔」上映会,食堂北部,アニメの上映会,0,1201,24:00,1202,17:00,,
83,evt82,evt082,jpg,知らないアイドル神経衰弱,食堂,神経衰弱をする。食堂でやりたい。,0,1201,24:00,1201,27:00,,
84,evt83,evt083,jpg,24時間写文,B401,24時間ひたすら何かを書き写し続ける様子を放映（当然手書き）,0,1202,1:00,1202,25:00,kumanoshakyo,
85,evt831,evt831,jpg,セロリを食べ隊,食堂,セロリをフレスコで大量に買ってきて、サラダにして食べる。,0,1202,11:00,1202,14:00,,
86,evt84,evt084,jpg,スポーツ　温泉　BBQ,中庭,スポーツ温泉BBQのゴールデンセットを実行する。,0,1202,11:00,1202,18:00,,
87,evt85,evt085,jpg,座薬サッカー,グラウンド,試合前に全員座薬をキメてサッカー。サッカーの点数に加え、座薬がもれ、パンツが汚れていたらさらに追加点。グラウンドで実行。※座薬は各自トイレで,0,1202,13:00,1202,17:00,,
88,evt86,evt086,jpg,コルポフ名称熊野交響楽団,音楽室,クラッシックのアンサンブルをします。どこかで発表できる場があれば良と思うので、紛れ込みます。心はフルオケです。,0,1202,13:00,1202,16:00,nxomOrOIPxrvY5H,
89,evt87,evt087,jpg,レジンの琥珀,食堂,レジンと呼ばれる樹脂素材(UVライトで固まる)を使って琥珀みたいなの作ります。琥珀の中に入れる物はある程度用意するつもりですが、各自持参もOK。,0,1202,14:00,1202,17:00,,
90,evt88,evt088,jpg,フレンチ盛り,食堂,任意の食材、道具などをフランス料理らしく盛り付ける。そして投票する。飲食企画ではない。,0,1202,17:00,1202,19:00,,
91,evt89,evt089,jpg,シャトルラン対局,食堂,シャトルランの両端に将棋盤などを設置し、ボドゲをする。音楽は鳴らさず、橋に走り切ったら一手打てる。つまり頑張れば連続で二回打てる。走れなくなるかどちらかの盤で先に負けたら負け。,0,1202,18:00,1202,20:00,KU_okojyo,
92,evt372,evt037,jpg,BTS上映会,食堂北部,BTSのライブ映像などを見る。,0,1202,19:00,1202,21:00,,
93,evt90,evt090,jpg,だがしコンパ,食堂,駄菓子を大量に購入する,0,1202,20:00,1202,22:00,,
94,evt92,evt092,jpg,シュコシュコ,食堂,何回でもシュコシュコしてよくて、でも最低1回はシュコシュコしなきゃいけなくて、限界に達した人が負けっていうゲーム！,0,1202,20:00,1202,21:00,,
95,evt91,evt091,jpg,ケーキコンパ,食堂,みんなでケーキを作って食べよう！,0,1202,22:00,1202,25:00,,
96,evt93,evt093,jpg,クスノキクリスマスツリー,クスノキ前,クスノキをクリスマスツリーにする。,0,1202,23:00,1202,26:00,,
97,evt94,evt094,jpg,百万遍カビキラー,百万遍,C棟屋上などで畳の上に醸成させた黴を京大職員を使ってキルする企画です。食堂横で畳看を作って百万遍に展示します。,0,1202,23:00,1202,26:00,,
98,evt95,evt095,jpg,百万遍のバラ,百万遍,百万遍交差点の植え込みなどに、強いバラを植えまくります。あまり目立つと弾圧される？ソ連歌謡もしくは加藤登紀子の「１００万本のバラ」のパロディー企画です。,0,1202,23:00,1202,26:00,,
99,evt96,evt096,jpg,やぐらを建てたい,クスノキ前,京大構内にかつて現れたやぐらを建てる。ただ、企画者にはノウハウがないので有識者や資材が現れなければ頓挫。というか多分頓挫。,0,1202,23:00,1202,26:00,,
100,evt97,evt097,jpg,プニキ追悼野球,食堂北部,Adobe　Flashが12月で終わってしまうので、Flashゲーム最高峰といえるプーさんのホームランダービーをやります。,0,1202,25:00,1202,27:00,KU_okojyo,
101,evt98,evt098,jpg,最強ジュース気配斬りチーム戦,食堂,チーム戦で気配斬りを行い、得物として各チームで１種類の500mlペットボトル飲料を持たせる。ただし、自分が何の飲料であるかは知らされず、同チームが誰かも分からない。試合中に飲むのはOK。観客は発言NG。頭を叩かれたら退場。同チームに叩かれても退場。叩く勢いには注意。優勝チームの人には天然水を贈呈。,0,1203,10:00,1203,12:00,,
102,evt99,evt099,jpg,AB棟間綱引き,屋上,A棟とB棟。熊野寮における二大勢力。その頂点が今決まる！,0,1203,13:00,1203,14:00,,
103,evt100,evt100,jpg,愛知コンパ,どこでも,愛知県とその周辺出身者が集まっていろいろ話す。愛知のいいとことか悪いとことかどうでもいいとことか、いろいろ。というただのおしゃべり会。,0,1203,14:00,1203,17:00,,
104,evt101,evt101,jpg,BUMP OF CHICKEN LIVE 2020,音楽室,プロジェクターで11/4発売の「BUMP OF CHICKEN TOUR 2019 aurora ark TOKYO DOME」などを上映する。,0,1203,14:00,1203,18:00,dkrqr,
105,evt102,evt102,jpg,タキカレ読書会,食堂,滝沢カレンさんの著作やSNSの投稿文章を精読する。,0,1203,15:00,1203,18:00,,
106,evt103,evt103,jpg,仮面ライダークウガ鑑賞会,食堂北部,「仮面ライダークウガ」を一気見する,0,1203,15:00,1204,12:00,,
107,evt104,evt104,jpg,処分,食堂,当局の人間を処分する。入寮パンフの企画広告で、処分候補者を呼び出し、企画開催時間において面談・聞き取り調査、直後に処分検討委員会を開いて、処分結果を公表する。処分の検討は密室化すべきなので、企画は鉄扉で行う,0,1203,17:00,1203,18:00,,
108,evt105,evt105,jpg,くまゼミ,食堂,くまゼミ。テーマは未定。どんな形式でやるかは未定。,0,1203,18:00,1203,20:00,,
109,evt106,evt106,jpg,ディストピアコンパ,食堂,ディストピアに備えるためにディストピア飯を食べる。,0,1203,18:00,1203,22:00,,
110,evt107,evt107,jpg,ショーシャンクのコラに,食堂,映画『ショーシャンクの空に』のあの名シーンのコラをつくる。画像を送ってもらえればオンラインでも参加可。たぶん『ショーシャンクの空に』以外でもコラ画像をつくる。面白いコラ画像を作った人が優勝。,0,1203,18:00,1203,22:00,organicxorganick,
111,evt108,evt108,jpg,プラシーボコンパ,食堂,コロナ対策に効果があるというプラシーボ効果を寮生で体験するため、ニセ科学分野の研究によって効果を実証された食品を多数用意し、みんなで食べる。,0,1203,18:00,1203,22:00,,
112,evt109,evt109,jpg,かつおぶしDIYタイムアタック,食堂,かつおぶしをトンカチの代わりに使って遊ぼう、という企画。設計図通りにDIYをしてもらい、その素早さ(＆正確さ？)で順位を競ってもらいます。,0,1203,18:00,1203,20:00,katsuobushi2020,
113,evt110,evt110,jpg,リゼロコンパ,B105,リゼロ2期のアニメを流しながらリゼロについて語り合うコンパをします。,0,1203,18:00,1203,24:00,,
114,evt111,evt111,jpg,チェンソーマンコンパ,食堂,週刊少年ジャンプ連載中の『チェンソーマン』について語らいながら、作中に出てきた料理を食う（最強のパンを食ったり小麦粉飲んだりヴァーヴァーヴァー食ったりする）。たぶん終わった頃にはみんなチェンソーマンになってる。,0,1203,20:00,1203,24:00,organicxorganic,
115,evt112,evt112,jpg,消しゴムコンパ,食堂,消しゴムを使い切る,0,1203,22:00,1203,23:00,,
116,evt113,evt113,jpg,桜Trickオールナイト上映会,音楽室,テレビアニメ「桜Trick」の一挙上映をやる。,0,1203,22:00,1204,5:00,,
117,evt114,evt114,jpg,痛覚共有麻雀,ロビー,点数に応じた痛みを点数を失った者は受けながら麻雀を行う。低い点数はビリビリペンや百均のハリセン、高い点数はスタンガンなどもっと痛そうなものの痛みを受ける。半荘戦。痛みに耐えられなくなったらトビ。,0,1203,23:00,1203,26:00,,
118,evt115,evt115,jpg,UFOを呼ぶ,屋上,あらゆる方法を試してUFOを呼べるだけ呼ぶ。,0,1203,24:00,1203,27:00,organicxorganic,
119,evt117,evt117,jpg,献血に行こう！,四条献血ルーム,四条献血ルームに行きます。,0,1204,13:00,1204,17:00,KU_okojyo,
120,evt118,evt118,jpg,外山恒一講演会,食堂,あの外山恒一が来て講演してくれる、その後交流会してもいいかも,0,1204,13:00,1204,15:00,,
121,evt119,evt119,jpg,童謡”Baby Shark” 2時間耐久,音楽室,,0,1204,13:00,1204,15:00,,
122,evt120,evt120,jpg,N１グランプリ,食堂,過去入寮パンフをSC室から掘り出してきて、最も面白い記事を決める。暇だったら記事の題名、文責、ページ数、内容のキーワードなどなどを記録して検索できるデータベースを作る。,0,1204,15:00,1204,17:00,,
123,evt121,evt121,jpg,熊野寮樹木観察会,寮内の木が生えているところ,寮生なら普段から少なからず目にしているはずだが、全く見向きもされない寮内の樹木。たまにはのんびりそんな木を観察してみようという企画。寮の敷地内をぶらぶら歩いて木を見る。気が向けば剪定とかの手入れも実演するかも。,0,1204,15:00,1204,17:00,,
124,evt122,evt122,jpg,全寮コンパ,食堂,全寮でやるコンパ。炊事部中心にやっていく。厨房員が寮食のかわりに何か出してくれる（予定）,0,1204,18:00,1204,26:00,,
125,evt123,evt123,jpg,熊野系Vtuberお披露目会,食堂,熊野系Vtuber・熊野あじりのおひろめを行う。,0,1204,18:00,1204,26:00,,
126,evt124,evt124,jpg,シャンパンタワー,食堂,全寮コンパでシャンパンタワーする。,0,1204,18:00,1204,26:00,,
127,evt125,evt125,jpg,進捗を産む会,食堂,寮祭の大騒ぎの隣で、何人かで悲しく勉強の進捗を産む。,0,1204,18:00,1204,26:00,,
128,evt126,evt126,jpg,鮮魚店,食堂,普段食べない魚を買って食べる(高価なものは買わない,0,1204,18:00,1204,26:00,,
129,evt127,evt127,jpg,ヘリウムコンパ,食堂,全寮コンパ中の一企画として、寮生にヘリウムを吸わせる,0,1204,18:00,1204,26:00,,
130,evt128,evt128,jpg,どしどし天皇,食堂,全寮コンパ中の企画として、寮内の実力者を集めて、全員天皇に即位する,0,1204,18:00,1204,26:00,,
131,evt129,evt129,jpg,無限ユビスマ,食堂,めっちゃ人集めてみんなで指スマする　exちっちーの38!,0,1204,18:00,1204,26:00,,
132,evt130,evt130,jpg,ファミマと連帯,ファミマ,ファミマと連帯し、予算めいっぱい商品を買う,0,1204,18:00,1204,26:00,,
133,evt131,evt131,jpg,耐久カタン,食堂,カタンの開拓者たち　多彩な盤面・ダイス運・戦略・徹底討論　すべて夢中な12時間。12時間ぶっ通しでカタンをします！某寮生大会に匹敵する徹底討論カタンを貫徹しましょう。誰でも歓迎。初心者からカタンに腕の覚えのある者まで,0,1204,20:00,1205,10:00,,
134,evt132,evt132,jpg,耐久ドミニオン,食堂,カタンに対抗してドミニオンが熊野寮ボドゲの覇権を握りたい…という目的から、企画されてるものです。,0,1204,20:00,1205,10:00,KU_okojyo,
135,evt133,evt133,jpg,無限ポテト,食堂,耐久カタン&耐久ドミニオンのお供にポテトを無限に揚げます。出目が悪くてもポテトあればそれでいい,0,1204,20:00,1205,10:00,,
136,evt134,evt134,jpg,ビラローーード！！！！,玄関,寮の入り口か、食堂あたりでビラロードしたいです。ビラもらう側と渡す側にわかれる。渡すものはなんでもいい。持参で。,0,1205,10:00,1205,11:00,,
137,evt135,evt135,jpg,寿司打チャンピオンシップ,食堂,寿司打というwebアプリケーションでタイピングの速さを競う。,0,1205,11:00,1205,13:00,,
138,evt136,evt136,jpg,寿司食チャンピオンシップ,食堂,,0,1205,11:00,1205,13:00,,
139,evt137,evt137,jpg,モンスターエナジーの文を書く,食堂北部,Monsterは誰だ？ いや、誰もが鋭いツメを隠した怪物なのかもしれない。そんな怪物たちへ捧げる、未だ見ぬエキサイティングなフレーバーを教えてくれ。ルールはいつだって実にシンプル。一番モンスターエナジーっぽい文を書いたヤツが勝者だ。,0,1205,11:00,1205,13:00,,
140,evt138,evt138,jpg,四条大運動会,おしえないよ,例年はゲバ戦→二人三脚→借り物競争→四条大橋綱引き→パン食い競争でやってる,0,1205,14:00,1205,18:00,,
141,evt139,evt139,jpg,鴨川スーパームーンウォーク,鴨川,鴨川でスーパームーンウォークのレースをする。,0,1205,14:00,1205,18:00,,
142,evt141,evt141,jpg,熊野寮花映塚大会,食堂,くじ引きしてトーナメント,0,1205,18:00,1205,19:00,KMN_kaeiduka,
143,evt142,evt142,jpg,共産圏コンパ,食堂,夜に、食堂で、畳を敷いて、旧共産圏の料理と酒を配給する。,0,1205,19:00,1205,24:00,nxomOrOIPxrvY5H,
144,evt143,evt143,jpg,ぽんず飲み比べ,食堂,ぽんずを飲み比べる。,0,1205,19:00,1205,24:00,,
145,evt144,evt144,jpg,ハマグリのガソリン焼き,食堂,共産圏コンパと同時開催。朝鮮統一（トンイル）を願い北朝鮮の伝統料理であるハマグリのガソリン焼きを作る。手に入れることができれば北朝鮮焼酎を飲む。手に入らなかったら鏡月を飲む。ガソリンが手に入らなかったらスピリタスで代用する。,0,1205,19:00,1205,24:00,,
146,evt145,evt145,jpg,四畳半真話対戦,食堂,くまのNo.1アジテーターは誰だ！四畳半の一角で指定されたお題のアジテーション・トーナメントをする。,0,1205,19:00,1205,24:00,organicxorganic,
147,evt146,evt146,jpg,工藤、教祖になる。,食堂,工藤が教祖になるのでみんなで教義を考えて、入信しよう。,0,1205,20:00,1205,21:00,,
148,evt147,evt147,jpg,Did you kill it？,食堂,マーダーミステリの講演会やります！A3有志で自作マーダーミステリーを作るので皆さん是非、殺害現場にお越しください。(できなければ最悪既出マーダーミステリーをみんなで遊びます。)※ マーダーミステリーは、殺人事件をテーマとしたロールプレイングゲームです。マーダーミステリーはプレイヤーごとに異なった台本が与えられるところが、これまでの推理ゲームとは大きく異なる点です。あくまで推理小説の登場人物の一人として、ほかのプレイヤーと協力して事件の真相に迫ってくゲームです。ゲームの性質上真相がわかってしまう為一度きりしか遊ぶことができません。,0,1205,22:00,1205,25:00,,
149,evt148,evt148,jpg,「菊とギロチン」上映会,硬鉄庵,瀬々敬久監督「菊とギロチン」DVDを寮の金でレンタルし、上映する。,0,1205,25:00,1206,4:00,,
150,evt149,evt149,jpg,イカダに便乗 笹舟流し #単位ほしい,鴨川,鴨川イカダレースをやってる横で笹舟流しがやりたくて企画しました。ただの笹舟じゃつまらないので、単位や願い事を書いた舟を流します。材料となる紙(耐水紙)は常設企画のスペースに置いておいて、その紙を各自で持ち帰って舟を作ってもらう→レース当日、笹舟を流す,0,1206,10:00,1206,11:00,sasabune2020,
151,evt150,evt150,jpg,鴨川イカダレース2020,鴨川,三条から四条までの鴨川を手作りイカダでレースする。材料は基本的にペットボトル。優勝者にはささやかな賞品あるいは栄冠を授与する。,0,1206,11:00,1206,14:00,,
152,evt151,evt151,jpg,Zoomスマホイカダレース,鴨川,スマホ用のイカダを作って鴨川に流します。イカダレースと同時開催する（観客が流れるスマホの監視もできるので）,0,1206,11:00,1206,14:00,KU_okojyo,
153,evt152,evt152,jpg,植物サークル “Humus”体験会（ガーデニング編）,畑,Humusが普段行っていることを「畑しごと編」、「ガーデニング編」、「お料理編（クレープづくり）」に分けて体験してもらう。内容はバラの挿し木、アジサイの株分け、秋の寄せ植え。,0,1206,14:00,1206,19:00,,
154,evt153,evt153,jpg,AgriTechするぞ！,中庭,中庭スペースを使ってアクアポニックスの施設を作り上げます。（アクアポニックスとは、魚の水槽と植物のプランターをパイプでつなげて水を循環させることで、飼育、栽培を同時に行う農法です。）,0,1206,14:00,1206,18:00,KU_aquaponics,
155,evt154,evt154,jpg,ぼくらの非モテ研究会,食堂,ぼくらの非モテ研究会のメンバー（企画者もそうです）が熊野寮で、当事者研究会を開くというものです。ホワイトボードを前において、ファシリと書記以外の参加者全員が座って、参加者の苦労をみなで研究します。研究するテーマは、その日に参加者に聞いた様々な苦労のなかから、ひとつ選びます。テーマは恋愛のことでもいいし、そうでなくてもいいです。参加対象のジェンダーも問いません。差別的な発言等ができるだけ出ないように、当日「ルール」を配布します（A4一枚の簡単なものです。いつもそうしています）。,0,1206,14:00,1206,18:00,himotemotemote,
156,evt155,evt155,jpg,音楽祭,食堂,寮祭ライブを開催する,0,1206,15:00,1206,21:00,,
157,evt156,evt156,jpg,ファイヤーストーム,駐輪場,寮祭の終わりをキャンプファイヤーとともに惜しむ。翌朝まで日をともし続けて永遠に寮祭を続ける。,0,1206,20:00,1207,5:00,,
158,evt218,evt218,jpg,スタジオジブリ全作品上映会,音楽室,スタジオジブリ作品すべて観る。短編も含めて観る。一日３～５作品くらい。何日かかるかわからないが観る。,1,,,,,organicxorganic,
159,evt200,evt200,jpg,Kumano dorm. Advent Calendar 2020,ウェブ上,寮生やOPでアドベントカレンダー（12/1～12/25まで誰かが毎日ブログを更新する企画）をする。去年のはhttps://adventar.org/calendars/4652で見れます。,1,,,,,dkrqr,
160,evt216,evt216,jpg,三里塚団結野菜市,ロビー,ロビーにて三里塚無農薬野菜の無人販売を行う,1,,,,,,
161,evt217,evt217,jpg,マムル祭り,食堂,大人気モンスター、マムルの人形ぬいぐるみを作って配布します！幸せになります！どっかブース作って常設にします！,1,,,,,,
162,evt202,evt202,jpg,神輿を作ろう,ボイラー室,祭りといえば神輿！みんなで一緒に神輿を作ろう！出来たらクスノキまで担ごう！,1,,,,,,
163,evt203,evt203,jpg,BarKUMA,Bar Kuma,寮祭期間中毎晩お酒を振る舞います。,1,,,,,,
164,evt204,evt204,jpg,生ハム原木,Bar Kuma,生ハム原木を削って食べる,1,,,,,,
165,evt205,evt205,jpg,紅茶ソーダ,Bar Kuma,Bar Kumaに便乗してバ先で学んだ紅茶ソーダを出す！うまいよ！！！！！,1,,,,,,
166,evt208,evt208,jpg,ブロック対抗フットサル大会,グラウンド,ブロック対抗でフットサルをする,1,,,,,,
167,evt215,evt215,jpg,うろ覚えアマビエお絵かき会,食堂横自販機あたりの机,食堂の自販機側にある小さな机にて、寮祭期間中、常時行います。七夕の時の短冊と同じ感じです。,1,,,,,,
168,evt201,evt201,jpg,やりすぎ熊野寮,いろんなところ,ピラミッドに目のマークを書いたり、食堂の五郎丸を関暁夫に変えたりする,1,,,,,,
169,evt206,evt206,jpg,ボテッカープログラム,ボテッカー,ボテッカーにプログラムを書いて寮内に貼りまくる。寮生のプログラムに対するリテラシー向上を図る。,1,,,,,,
170,evt209,evt209,jpg,ダイソン vs. 熊野寮,談話室・居室,新品のダイソンを持って寮内各所を巡り、ダイソンの吸引力が落ちるまで掃除してまわる,1,,,,,,
171,evt212,evt212,jpg,A4談話室に来よう！,A4談話室,寮祭期間中、ご自由にA4談話室にお越し下さい、というだけの企画です。特に何かをするわけではありません。,1,,,,,,
172,evt219,evt219,jpg,ドレッシング祭り,食堂,寮食の夕食時のドレッシングの種類を増やす（ふりかけとかも）,1,,,,,,
173,evt222,evt222,jpg,クマデミー賞2020,硬鉄庵,C301上里の独断と偏見で選んだ映画の上映会をし、上映作品のなかから今年イチの作品をクマデミー会員と選考してガチで決める。主演～とか脚本賞とか全部門決めたい。１日１～２作品観る。,1,,,,,organicxorganic,
174,evt225,evt225,jpg,銭湯広告を出す！！,平安湯,平安湯に熊野寮の広告を出します。一年1.3万円。ゲバ字で作ります。,1,,,,,,
175,evt221,evt221,jpg,ジャルジャルの耐久上映会する奴,中川,お笑いコンビ「ジャルジャル」のYouTubeチャンネル・ジャルジャルタワーにアップされているコントや関連動画800本くらい？を永遠に視聴する,1,,,,,,
176,evt224,evt224,jpg,TERRASAWA HOUSE,貸し切り部屋,見ず知らずの男女6人が様々な企画に取り組み仲を深めていく企画。,1,,,,,,
177,evt210,evt210,jpg,あたたまりや,ロビー,恒例企画。日替わり店長がロビーで居酒屋。平日は寮食売り切れ後、休日は昼夜。,1,,,,,,
178,evt223,evt223,jpg,くまのラジオ,事務室,寮祭期間中、誰かが代わる代わるでラジオ放送をして、トークしたり企画したり音楽流したりする。,1,,,,,,
179,evt228,evt228,jpg,寮祭期間中100時間勉強,どこでも,寮祭期間中に100時間勉強できたらいいな,1,,,,,,
180,evt207,evt207,jpg,第三回熊野杯,どこでも,第３回。参加者を募ってトーナメントを行う。競技は対戦者どうしが決める。対戦する場所とか時間とかも対戦者どうしが決めて勝手にやってもらってレポートだけ出してもらう。あらゆる競技で勝ち続けた人が優勝する。,1,,,,,,
181,evt226,evt226,jpg,庭園,グラウンド,,1,,,,,,
182,evt213,evt213,jpg,小出募金,ロビー,小出に募金する。,1,,,,,,
183,evt214,evt214,jpg,小出をねぎらう,どこでもいい,小出をねぎらう。,1,,,,,,
184,evt211,evt211,jpg,SAI-中出先生によるエブリデイドッキリ企画,どこでも,毎日1回誰かにドッキリをかける企画。企画側がドッキリを全て考えるのではなく、ドッキリをかけたい人物やだいたいの内容をみなさんから募集する。,1,,,,,,
185,evt220,evt220,jpg,KUMAを探せ！,クスノキ前,京大周辺でUMAを探す。ツチノコを見つけたい。寮祭期間中、目撃情報を募集します。自作自演はだめ。,1,,,,,organicxorganic,
186,evt321,evt321,jpg,鴨川を埋めれ,鴨川,,2,,,,,,
187,evt322,evt322,jpg,仮想通貨をつくろう,食堂,,2,,,,,,
188,evt311,evt311,jpg,いきなり！ジェンダー,どこでも,出会い厨、セクハラ野郎を発見次第ジェンダー論の講義を展開する。,2,,,,,,
189,evt319,evt319,jpg,いきなり！ステーキ,食堂,突如焼かれる肉！溢れ出る肉汁！,2,,,,,,
190,evt316,evt316,jpg,坂田TikTokデビュー,オンライン,小出企画が一つ行われる度に坂田がTikTokに動画を1つ以上投稿する。,2,,,,,,
191,evt318,evt318,jpg,くまの神社建立,中庭,AB棟間の林の中に神社を建立する。既に鳥居と狛犬があるので社殿や参道を整備する。参加者においては自由になんらかのオブジェを制作・設置することも構わない。作業日は天候によるので日が迫ってから適宜周知する。,2,,,,,,
192,evt301,evt301,jpg,純喫茶クマノ,Bar Kuma,朝軟鉄でモーニング出します、夜はバーくまに便乗してお酒飲まない人向けのものを作ります,2,,,,,,
193,evt304,evt304,jpg,抜き打ちテスト,食堂,「抜き打ちテストのパラドックス」（https://ux.nu/OhYyR）を念頭に、抜き打ちテストを告知し、実施する。出題は熊野寮や京大に関連するテーマで、4択形式を構想している。,2,,,,,keepleft_h_nkn,
194,evt307,evt307,jpg,virtual熊野寮,オンライン,寮祭期間中までにvirtual熊野寮を作って、寮祭期間中に公開します。,2,,,,,KU_okojyo,
195,evt310,evt310,jpg,謎解き,タテカンスペース地下,寮内（もしくは、タテカンスペース地下）を巡ったりして謎解きをします。,2,,,,,KU_okojyo,
196,evt312,evt312,jpg,無限BBQ,中庭,屋外の空間で七輪などの物質を利用して無限にBBQをします　最初は予算で買ったお肉で人を集めてそのあとはカンパ次第で肉を逐次買い出し投入します,2,,,,,,
197,evt314,evt314,jpg,有限BBQ,中庭,屋外の空間で七輪などの物質を利用して有限にBBQをします　最初は予算で買ったお肉で人を集めてそのあとはカンパ次第で肉を逐次買い出し投入します　,2,,,,,,
198,evt306,evt306,jpg,第3次正門封鎖工事,駐輪場・正門,正門がはまっている窪みをコンクリートで埋め、土が溜まらないようにする。作業は主に駐輪場内で行う。日程は天候により決定し、追って周知される。また、通用門をなんらかの形で復活させる。,2,,,,,,
199,evt313,evt313,jpg,スライム飼育,食堂,スライム（大きい水風船）を食堂に放牧する,2,,,,,,
200,evt315,evt315,jpg,完全食コンパ,食堂,最近話題の完全食を作って食べます。詳しくはこちらのページ（https://seesaawiki.jp/soylent/d/PFJ%20latest%20version）,2,,,,,,
201,evt317,evt317,jpg,くまの湯,中庭,ゲリラ的に中庭でドラム缶風呂を焚いて入る。薪は中庭にある木材を使い、ドラム缶はピザ窯の横にあるものを使う。,2,,,,,,
202,evt302,evt302,jpg,漆塗り,ロビー,木の器に漆を塗ります。,2,,,,,,
203,evt305,evt305,jpg,増量,どこでも,太る。,2,,,,,,
204,evt300,evt300,jpg,陽キャの集会(裏熊野寮祭),どこでも,「寮祭なんてダサくね？　みんな変なことして目立とうとして　たいして面白くもないのに人と違うことしてコンテンツ言ってる奴よ」なんて言うような陰キャを集めて不穏な話し合いを行わさせる。その様子を録画して、われわれ陽キャが酒飲みながらつまみにして楽しむ。,2,,,,,,
205,evt303,evt303,jpg,パクチー食べ隊,食堂,,2,,,,,,
206,evt320,evt320,jpg,IPPONグランプリ,食堂,熊野寮関連のお題で。審査員は熊野水を口に含む。笑いのセンスが問われてしまう、、、,2,,,,,,
207,evt323,evt323,jpg,リアルウォーリーをさがせ,三条,,2,,,,,,
208,evt308,evt308,jpg,宝塚メイク,食堂,,2,,,,,,
209,evt309,evt309,jpg,スタンガンをくらってみよう！,小出,小出さんがスタンガンをくらいます。,2,,,,,,
210,evt324,evt324,jpg,二十五枚看,クスノキ前,,2,,,,,,
